[    
    {
        "Id": 2,
        "Name": "AUTONICS",
        "Description": null,
        "imagePath": "\\electrosense\\CompanyLogo\\Autonics.jpg",
        "ProductsPageimagePath": "\\electrosense\\CompanyProducts\\AUTONICS ( J ).jpg",
        "Tag": "automation"
    },
    {
        "Id": 3,
        "Name": "BRISKS",
        "Description": null,
        "imagePath": "\\electrosense\\CompanyLogo\\BRISK.jpg",
        "ProductsPageimagePath": "\\electrosense\\CompanyProducts\\BRISK ( J ).jpg",
        "Tag": "switchgears"
    },
    {
        "Id": 4,
        "Name": "CHINT",
        "Description": null,
        "imagePath": "\\electrosense\\CompanyLogo\\CHINT.jpg",
        "ProductsPageimagePath": "\\electrosense\\CompanyProducts\\CHINT.jpg",
        "Tag": "switchgears"
    },
    {
        "Id": 5,
        "Name": "CNTD",
        "Description": null,
        "imagePath": "\\electrosense\\CompanyLogo\\CNTD.jpg",
        "ProductsPageimagePath": "\\electrosense\\CompanyProducts\\CNTD.jpg",
        "Tag": "switchgears"
    },
    {
        "Id": 6,
        "Name": "ELMEX",
        "Description": null,
        "imagePath": "\\electrosense\\CompanyLogo\\ELMEX.jpg",
        "ProductsPageimagePath": "\\electrosense\\CompanyProducts\\ELMEX.jpg",
        "Tag": "switchgears"
    },
    {
        "Id": 7,
        "Name": "ESBEE",
        "Description": null,
        "imagePath": "\\electrosense\\CompanyLogo\\ESBEE.jpg",
        "ProductsPageimagePath": "\\electrosense\\CompanyProducts\\ESBEE.jpg",
        "Tag": "switchgears"
    },
    {
        "Id": 8,
        "Name": "HTC",
        "Description": null,
        "imagePath": "\\electrosense\\CompanyLogo\\HTC.jpg",
        "ProductsPageimagePath": "\\electrosense\\CompanyProducts\\HTC.jpg",
        "Tag": "automation"
    },
    {
        "Id": 9,
        "Name": "INVT",
        "Description": null,
        "imagePath": "\\electrosense\\CompanyLogo\\invt.jpg",
        "ProductsPageimagePath": "\\electrosense\\CompanyProducts\\INVT.jpg",
        "Tag": "automation"
    },
    {
        "Id": 10,
        "Name": "KUBLER",
        "Description": null,
        "imagePath": "\\electrosense\\CompanyLogo\\KUBLER.jpg",
        "ProductsPageimagePath": "\\electrosense\\CompanyProducts\\KUBLER.jpg",
        "Tag": "automation"
    },
    {
        "Id": 11,
        "Name": "KUSAM-MECO",
        "Description": null,
        "imagePath": "\\electrosense\\CompanyLogo\\KUSAM-MECO.jpg",
        "ProductsPageimagePath": "\\electrosense\\CompanyProducts\\KUSAM-MECO.jpg",
        "Tag": "automation"
    },
    {
        "Id": 12,
        "Name": "L\u0026T SWITCHGEAR",
        "Description": null,
        "imagePath": "\\electrosense\\CompanyLogo\\L\u0026T SWITCHGEAR.jpg",
        "ProductsPageimagePath": "\\electrosense\\CompanyProducts\\L\u0026T SWITCHGEAR.jpg",
        "Tag": "switchgears"
    },
    {
        "Id": 13,
        "Name": "L\u0026T ELECTRICAL \u0026 AUTOMATION",
        "Description": null,
        "imagePath": "\\electrosense\\CompanyLogo\\L\u0026T Electrical.jpg",
        "ProductsPageimagePath": "\\electrosense\\CompanyProducts\\L\u0026T ELECTRICAL.jpg",
        "Tag": "automation"
    },
    {
        "Id": 14,
        "Name": "LEADSHINE",
        "Description": null,
        "imagePath": "\\electrosense\\CompanyLogo\\LEADSHINE.jpg",
        "ProductsPageimagePath": "\\electrosense\\CompanyProducts\\LEADSHINE.jpg",
        "Tag": "automation"
    },
    {
        "Id": 15,
        "Name": "LAPTRON",
        "Description": null,
        "imagePath": "\\electrosense\\CompanyLogo\\LAPTRON.jpg",
        "ProductsPageimagePath": "\\electrosense\\CompanyProducts\\LAPTRON.jpg",
        "Tag": "automation"
    },
    {
        "Id": 16,
        "Name": "MECO",
        "Description": null,
        "imagePath": "\\electrosense\\CompanyLogo\\MECO.jpg",
        "ProductsPageimagePath": "\\electrosense\\CompanyProducts\\MECO.jpg",
        "Tag": "automation"
    },
    {
        "Id": 17,
        "Name": "MITSUBISHI ELECTRIC",
        "Description": null,
        "imagePath": "\\electrosense\\CompanyLogo\\MITSUBISHI ELECTRIC.jpg",
        "ProductsPageimagePath": "\\electrosense\\CompanyProducts\\MITSUBISHI ELECTRIC.jpg",
        "Tag": "automation"
    },
    {
        "Id": 18,
        "Name": "MULTISPAN",
        "Description": null,
        "imagePath": "\\electrosense\\CompanyLogo\\MULTISPAN.jpg",
        "ProductsPageimagePath": "\\electrosense\\CompanyProducts\\MULTISPAN.jpg",
        "Tag": "automation"
    },
    {
        "Id": 19,
        "Name": "MEANWELL",
        "Description": null,
        "imagePath": "\\electrosense\\CompanyLogo\\MW ( MEAN WELL ).jpg",
        "ProductsPageimagePath": "\\electrosense\\CompanyProducts\\MW.jpg",
        "Tag": "automation"
    },
    {
        "Id": 20,
        "Name": "MORNSUN",
        "Description": null,
        "imagePath": "\\electrosense\\CompanyLogo\\MERNSUN.jpg",
        "ProductsPageimagePath": "\\electrosense\\CompanyProducts\\MORNSUN.jpg",
        "Tag": "automation"
    },
    {
        "Id": 21,
        "Name": "MIMIC",
        "Description": null,
        "imagePath": "\\electrosense\\CompanyLogo\\MIMIC.jpg",
        "ProductsPageimagePath": "\\electrosense\\CompanyProducts\\MIMIC.jpg",
        "Tag": "switchgears"
    },
    {
        "Id": 22,
        "Name": "OMRON",
        "Description": null,
        "imagePath": "\\electrosense\\CompanyLogo\\OMRON.jpg",
        "ProductsPageimagePath": "\\electrosense\\CompanyProducts\\OMRON.jpg",
        "Tag": "automation"
    },
    {
        "Id": 23,
        "Name": "PHOENIX CONTACT",
        "Description": null,
        "imagePath": "\\electrosense\\CompanyLogo\\PHOENIX CONTACT.jpg",
        "ProductsPageimagePath": "\\electrosense\\CompanyProducts\\PHOENIX CONTACT.jpg",
        "Tag": "automation"
    },
    {
        "Id": 24,
        "Name": "PEPPERL \u002B FUCHS",
        "Description": null,
        "imagePath": "\\electrosense\\CompanyLogo\\PEPPERL+FUCHS.jpg",
        "ProductsPageimagePath": "\\electrosense\\CompanyProducts\\PEPPERL_FUCHS.jpg",
        "Tag": "automation"
    },
    {
        "Id": 25,
        "Name": "PECOX",
        "Description": null,
        "imagePath": "\\electrosense\\CompanyLogo\\PECOX.jpg",
        "ProductsPageimagePath": "\\electrosense\\CompanyProducts\\PECOX.jpg",
        "Tag": "switchgears"
    },
    {
        "Id": 26,
        "Name": "PLA",
        "Description": null,
        "imagePath": "\\electrosense\\CompanyLogo\\PLA.jpg",
        "ProductsPageimagePath": "\\electrosense\\CompanyProducts\\PLA.jpg",
        "Tag": "switchgears"
    },
    {
        "Id": 27,
        "Name": "RISHABH",
        "Description": null,
        "imagePath": "\\electrosense\\CompanyLogo\\RISHABH INSTRUMENTS.jpg",
        "ProductsPageimagePath": "\\electrosense\\CompanyProducts\\RISHABH.jpg",
        "Tag": "switchgears"
    }
]